[
  {
    "value": "german",
    "synonyms": [
      "german"
    ]
  },
  {
    "value": "steakhouse",
    "synonyms": [
      "steakhouse"
    ]
  },
  {
    "value": "belgian",
    "synonyms": [
      "belgian"
    ]
  },
  {
    "value": "modern european",
    "synonyms": [
      "modern european"
    ]
  },
  {
    "value": "british",
    "synonyms": [
      "british"
    ]
  },
  {
    "value": "mexican",
    "synonyms": [
      "mexican"
    ]
  },
  {
    "value": "scottish",
    "synonyms": [
      "scottish"
    ]
  },
  {
    "value": "welsh",
    "synonyms": [
      "welsh"
    ]
  },
  {
    "value": "chinese",
    "synonyms": [
      "chinese"
    ]
  },
  {
    "value": "venetian",
    "synonyms": [
      "venetian"
    ]
  },
  {
    "value": "caribbean",
    "synonyms": [
      "caribbean"
    ]
  },
  {
    "value": "japanese",
    "synonyms": [
      "japanese"
    ]
  },
  {
    "value": "english",
    "synonyms": [
      "english"
    ]
  },
  {
    "value": "eritrean",
    "synonyms": [
      "eritrean"
    ]
  },
  {
    "value": "halal",
    "synonyms": [
      "halal"
    ]
  },
  {
    "value": "international",
    "synonyms": [
      "international"
    ]
  },
  {
    "value": "romanian",
    "synonyms": [
      "romanian"
    ]
  },
  {
    "value": "unusual",
    "synonyms": [
      "unusual"
    ]
  },
  {
    "value": "bistro",
    "synonyms": [
      "bistro"
    ]
  },
  {
    "value": "french",
    "synonyms": [
      "french"
    ]
  },
  {
    "value": "polynesian",
    "synonyms": [
      "polynesian"
    ]
  },
  {
    "value": "swedish",
    "synonyms": [
      "swedish"
    ]
  },
  {
    "value": "afghan",
    "synonyms": [
      "afghan"
    ]
  },
  {
    "value": "russian",
    "synonyms": [
      "russian"
    ]
  },
  {
    "value": "canapes",
    "synonyms": [
      "canapes"
    ]
  },
  {
    "value": "european",
    "synonyms": [
      "european"
    ]
  },
  {
    "value": "swiss",
    "synonyms": [
      "swiss"
    ]
  },
  {
    "value": "thai",
    "synonyms": [
      "thai"
    ]
  },
  {
    "value": "dontcare",
    "synonyms": [
      "dontcare"
    ]
  },
  {
    "value": "christmas",
    "synonyms": [
      "christmas"
    ]
  },
  {
    "value": "creative",
    "synonyms": [
      "creative"
    ]
  },
  {
    "value": "persian",
    "synonyms": [
      "persian"
    ]
  },
  {
    "value": "fusion",
    "synonyms": [
      "fusion"
    ]
  },
  {
    "value": "traditional",
    "synonyms": [
      "traditional"
    ]
  },
  {
    "value": "scandinavian",
    "synonyms": [
      "scandinavian"
    ]
  },
  {
    "value": "brazilian",
    "synonyms": [
      "brazilian"
    ]
  },
  {
    "value": "turkish",
    "synonyms": [
      "turkish"
    ]
  },
  {
    "value": "north american",
    "synonyms": [
      "north american"
    ]
  },
  {
    "value": "crossover",
    "synonyms": [
      "crossover"
    ]
  },
  {
    "value": "australian",
    "synonyms": [
      "australian"
    ]
  },
  {
    "value": "irish",
    "synonyms": [
      "irish"
    ]
  },
  {
    "value": "hungarian",
    "synonyms": [
      "hungarian"
    ]
  },
  {
    "value": "kosher",
    "synonyms": [
      "kosher"
    ]
  },
  {
    "value": "world",
    "synonyms": [
      "world"
    ]
  },
  {
    "value": "jamaican",
    "synonyms": [
      "jamaican"
    ]
  },
  {
    "value": "corsica",
    "synonyms": [
      "corsica"
    ]
  },
  {
    "value": "singaporean",
    "synonyms": [
      "singaporean"
    ]
  },
  {
    "value": "vegetarian",
    "synonyms": [
      "vegetarian"
    ]
  },
  {
    "value": "lebanese",
    "synonyms": [
      "lebanese"
    ]
  },
  {
    "value": "austrian",
    "synonyms": [
      "austrian"
    ]
  },
  {
    "value": "portuguese",
    "synonyms": [
      "portuguese"
    ]
  },
  {
    "value": "indonesian",
    "synonyms": [
      "indonesian"
    ]
  },
  {
    "value": "greek",
    "synonyms": [
      "greek"
    ]
  },
  {
    "value": "seafood",
    "synonyms": [
      "seafood"
    ]
  },
  {
    "value": "spanish",
    "synonyms": [
      "spanish"
    ]
  },
  {
    "value": "danish",
    "synonyms": [
      "danish"
    ]
  },
  {
    "value": "tuscan",
    "synonyms": [
      "tuscan"
    ]
  },
  {
    "value": "barbeque",
    "synonyms": [
      "barbeque"
    ]
  },
  {
    "value": "malaysian",
    "synonyms": [
      "malaysian"
    ]
  },
  {
    "value": "basque",
    "synonyms": [
      "basque"
    ]
  },
  {
    "value": "moroccan",
    "synonyms": [
      "moroccan"
    ]
  },
  {
    "value": "italian",
    "synonyms": [
      "italian"
    ]
  },
  {
    "value": "vietnamese",
    "synonyms": [
      "vietnamese"
    ]
  },
  {
    "value": "korean",
    "synonyms": [
      "korean"
    ]
  },
  {
    "value": "cantonese",
    "synonyms": [
      "cantonese"
    ]
  },
  {
    "value": "mediterranean",
    "synonyms": [
      "mediterranean"
    ]
  },
  {
    "value": "catalan",
    "synonyms": [
      "catalan"
    ]
  },
  {
    "value": "gastropub",
    "synonyms": [
      "gastropub"
    ]
  },
  {
    "value": "s",
    "synonyms": [
      "s"
    ]
  },
  {
    "value": "asian oriental",
    "synonyms": [
      "asian oriental"
    ]
  },
  {
    "value": "cuban",
    "synonyms": [
      "cuban"
    ]
  },
  {
    "value": "african",
    "synonyms": [
      "african"
    ]
  },
  {
    "value": "indian",
    "synonyms": [
      "indian"
    ]
  }
]