[
  {
    "value": "rice house",
    "synonyms": [
      "rice house"
    ]
  },
  {
    "value": "la margherita",
    "synonyms": [
      "la margherita"
    ]
  },
  {
    "value": "pizza hut city centre",
    "synonyms": [
      "pizza hut city centre"
    ]
  },
  {
    "value": "find",
    "synonyms": [
      "find"
    ]
  },
  {
    "value": "restaurant",
    "synonyms": [
      "restaurant"
    ]
  },
  {
    "value": "prezzo",
    "synonyms": [
      "prezzo"
    ]
  },
  {
    "value": "dontcare",
    "synonyms": [
      "dontcare"
    ]
  },
  {
    "value": "bloomsbury restaurant",
    "synonyms": [
      "bloomsbury restaurant"
    ]
  }
]