[
  {
    "value": "area",
    "synonyms": [
      "area"
    ]
  },
  {
    "value": "signature",
    "synonyms": [
      "signature"
    ]
  },
  {
    "value": "phone",
    "synonyms": [
      "phone"
    ]
  },
  {
    "value": ": ",
    "synonyms": [
      ": "
    ]
  },
  {
    "value": "postcode",
    "synonyms": [
      "postcode"
    ]
  },
  {
    "value": "pricerange",
    "synonyms": [
      "pricerange"
    ]
  },
  {
    "value": "name",
    "synonyms": [
      "name"
    ]
  },
  {
    "value": "addr",
    "synonyms": [
      "addr"
    ]
  },
  {
    "value": "food",
    "synonyms": [
      "food"
    ]
  }
]