[
  {
    "id": "40394911-53c7-4791-be72-1a5bd4929625",
    "data": [
      {
        "text": "okay and what about the address",
        "userDefined": false
      }
    ],
    "isTemplate": false,
    "count": 0,
    "lang": "en",
    "updated": 0
  },
  {
    "id": "04b625b9-d371-44ca-8f5b-41c832992544",
    "data": [
      {
        "text": "okay and ah",
        "userDefined": false
      }
    ],
    "isTemplate": false,
    "count": 0,
    "lang": "en",
    "updated": 0
  },
  {
    "id": "e09763d8-659b-4918-8e30-a089d01aafe0",
    "data": [
      {
        "text": "kay",
        "userDefined": false
      }
    ],
    "isTemplate": false,
    "count": 0,
    "lang": "en",
    "updated": 0
  },
  {
    "id": "b834f202-6ed3-421b-a989-ec3fb43f7f0f",
    "data": [
      {
        "text": "kay um",
        "userDefined": false
      }
    ],
    "isTemplate": false,
    "count": 0,
    "lang": "en",
    "updated": 0
  },
  {
    "id": "e8bdf2d0-0cc5-4d71-a6d3-53bde6e2e3e4",
    "data": [
      {
        "text": "okay um",
        "userDefined": false
      }
    ],
    "isTemplate": false,
    "count": 0,
    "lang": "en",
    "updated": 0
  },
  {
    "id": "bdb9efba-2430-4531-bccd-7ca8fe69cd0d",
    "data": [
      {
        "text": "have a good",
        "userDefined": false
      }
    ],
    "isTemplate": false,
    "count": 0,
    "lang": "en",
    "updated": 0
  }
]