[
  {
    "id": "4b495c77-7ef7-4540-a6fa-dcfde3e62189",
    "data": [
      {
        "text": "okay thank you and good bye",
        "userDefined": false
      }
    ],
    "isTemplate": false,
    "count": 0,
    "lang": "en",
    "updated": 0
  },
  {
    "id": "a225cc73-f161-4cfc-bda1-8b563e027db9",
    "data": [
      {
        "text": "okay well thank you good bye",
        "userDefined": false
      }
    ],
    "isTemplate": false,
    "count": 0,
    "lang": "en",
    "updated": 0
  },
  {
    "id": "d5cd95bf-6a14-4918-87a4-67ce83e95a0a",
    "data": [
      {
        "text": "alright thank you good bye",
        "userDefined": false
      }
    ],
    "isTemplate": false,
    "count": 0,
    "lang": "en",
    "updated": 0
  },
  {
    "id": "86d4f26f-7f2e-4d4a-a300-e7641904e4a6",
    "data": [
      {
        "text": "bye",
        "userDefined": false
      }
    ],
    "isTemplate": false,
    "count": 0,
    "lang": "en",
    "updated": 0
  },
  {
    "id": "f8261cff-1d0f-4480-90a0-759817e37e13",
    "data": [
      {
        "text": "great thank you goodbye",
        "userDefined": false
      }
    ],
    "isTemplate": false,
    "count": 0,
    "lang": "en",
    "updated": 0
  },
  {
    "id": "1b4baf93-4857-427a-b169-814d904454c3",
    "data": [
      {
        "text": "okay good bye",
        "userDefined": false
      }
    ],
    "isTemplate": false,
    "count": 0,
    "lang": "en",
    "updated": 0
  },
  {
    "id": "cea25c98-6938-4690-b31f-56fbb5dc82e8",
    "data": [
      {
        "text": "good bye",
        "userDefined": false
      }
    ],
    "isTemplate": false,
    "count": 0,
    "lang": "en",
    "updated": 0
  },
  {
    "id": "f9108a26-10aa-416b-8a6f-de3d7d10d7e1",
    "data": [
      {
        "text": "you good bye",
        "userDefined": false
      }
    ],
    "isTemplate": false,
    "count": 0,
    "lang": "en",
    "updated": 0
  },
  {
    "id": "56e39994-4078-4a82-99eb-30803371b9cb",
    "data": [
      {
        "text": "okay cool thank you good bye",
        "userDefined": false
      }
    ],
    "isTemplate": false,
    "count": 0,
    "lang": "en",
    "updated": 0
  },
  {
    "id": "3daed08b-81d1-44b6-8757-9c45eaaf4397",
    "data": [
      {
        "text": "k you goodbye",
        "userDefined": false
      }
    ],
    "isTemplate": false,
    "count": 0,
    "lang": "en",
    "updated": 0
  },
  {
    "id": "afbce3a7-2815-44f1-8f55-c152aa17107d",
    "data": [
      {
        "text": "goodbye",
        "userDefined": false
      }
    ],
    "isTemplate": false,
    "count": 0,
    "lang": "en",
    "updated": 0
  }
]