[
  {
    "id": "a56ca7f3-8cf3-4010-a2ec-516ba49f0e04",
    "data": [
      {
        "text": "i ",
        "userDefined": false
      },
      {
        "text": "dont ",
        "userDefined": false
      },
      {
        "text": "want ",
        "userDefined": false
      },
      {
        "text": "vietnamese ",
        "meta": "@food",
        "alias": "food",
        "userDefined": true
      },
      {
        "text": "food ",
        "userDefined": false
      }
    ],
    "isTemplate": false,
    "count": 0,
    "lang": "en",
    "updated": 0
  },
  {
    "id": "a3a4f862-4632-466d-b416-ae711589d9a4",
    "data": [
      {
        "text": "no ",
        "userDefined": false
      },
      {
        "text": "not ",
        "userDefined": false
      },
      {
        "text": "indian ",
        "meta": "@food",
        "alias": "food",
        "userDefined": true
      },
      {
        "text": "scandinavian ",
        "userDefined": false
      },
      {
        "text": "food ",
        "userDefined": false
      }
    ],
    "isTemplate": false,
    "count": 0,
    "lang": "en",
    "updated": 0
  }
]