[
  {
    "id": "6a122f9e-8658-4d36-b6ee-c5ad9006ae55",
    "data": [
      {
        "text": "hi",
        "userDefined": false
      }
    ],
    "isTemplate": false,
    "count": 0,
    "lang": "en",
    "updated": 0
  },
  {
    "id": "23f23090-d4e8-41a8-aa58-d9bb807b7e32",
    "data": [
      {
        "text": "hi im looking for a place that serves scandinavian food",
        "userDefined": false
      }
    ],
    "isTemplate": false,
    "count": 0,
    "lang": "en",
    "updated": 0
  },
  {
    "id": "a967d91c-0afe-454e-bd4a-9b366656f6cd",
    "data": [
      {
        "text": "hi i am looking for a moderately priced restaurant in the east part of town",
        "userDefined": false
      }
    ],
    "isTemplate": false,
    "count": 0,
    "lang": "en",
    "updated": 0
  },
  {
    "id": "0ab960d6-fc11-481a-9467-672ffda4fac6",
    "data": [
      {
        "text": "hi im looking for a restaurant in the",
        "userDefined": false
      }
    ],
    "isTemplate": false,
    "count": 0,
    "lang": "en",
    "updated": 0
  },
  {
    "id": "67b207fe-097c-4c5a-aa98-252eef6fabcf",
    "data": [
      {
        "text": "hello",
        "userDefined": false
      }
    ],
    "isTemplate": false,
    "count": 0,
    "lang": "en",
    "updated": 0
  },
  {
    "id": "9b66675a-66f3-4ae5-b0c3-d55f0492c8c7",
    "data": [
      {
        "text": "hello im looking for a cheap",
        "userDefined": false
      }
    ],
    "isTemplate": false,
    "count": 0,
    "lang": "en",
    "updated": 0
  },
  {
    "id": "e1fc3b61-ff7d-4c23-90c7-0eb603938240",
    "data": [
      {
        "text": "hello im looking for a cheap restaurant in the west part of town",
        "userDefined": false
      }
    ],
    "isTemplate": false,
    "count": 0,
    "lang": "en",
    "updated": 0
  },
  {
    "id": "1c0836af-8976-4411-a689-0e886bc461ae",
    "data": [
      {
        "text": "hello hello oh your on the phone yea",
        "userDefined": false
      }
    ],
    "isTemplate": false,
    "count": 0,
    "lang": "en",
    "updated": 0
  },
  {
    "id": "4ed4a171-48b7-4d49-bf81-e218fbc9c8d8",
    "data": [
      {
        "text": "hi im looking for a restaurant in the east art of town",
        "userDefined": false
      }
    ],
    "isTemplate": false,
    "count": 0,
    "lang": "en",
    "updated": 0
  },
  {
    "id": "c3ceecf4-4b01-4635-bc53-b83c3ab9ea9f",
    "data": [
      {
        "text": "hi im looking for a restaurant",
        "userDefined": false
      }
    ],
    "isTemplate": false,
    "count": 0,
    "lang": "en",
    "updated": 0
  }
]