[
  {
    "id": "89777087-361d-48e8-a4aa-b3e629a070ab",
    "data": [
      {
        "text": "could you repeat that",
        "userDefined": false
      }
    ],
    "isTemplate": false,
    "count": 0,
    "lang": "en",
    "updated": 0
  },
  {
    "id": "300cee63-d83f-40b0-a924-363f64db6cfa",
    "data": [
      {
        "text": "repeat that",
        "userDefined": false
      }
    ],
    "isTemplate": false,
    "count": 0,
    "lang": "en",
    "updated": 0
  },
  {
    "id": "e54b46fe-97ff-4b59-9963-6731c6352ba2",
    "data": [
      {
        "text": "repeat",
        "userDefined": false
      }
    ],
    "isTemplate": false,
    "count": 0,
    "lang": "en",
    "updated": 0
  },
  {
    "id": "3c4ffc53-89ae-4ef7-8575-30585454f482",
    "data": [
      {
        "text": "okay let me try this again",
        "userDefined": false
      }
    ],
    "isTemplate": false,
    "count": 0,
    "lang": "en",
    "updated": 0
  },
  {
    "id": "10ff0671-6bf6-497d-b857-e364d23622f5",
    "data": [
      {
        "text": "again",
        "userDefined": false
      }
    ],
    "isTemplate": false,
    "count": 0,
    "lang": "en",
    "updated": 0
  },
  {
    "id": "8c547967-7d86-479c-8a23-48b3af5db268",
    "data": [
      {
        "text": "again please",
        "userDefined": false
      }
    ],
    "isTemplate": false,
    "count": 0,
    "lang": "en",
    "updated": 0
  },
  {
    "id": "494c9ce3-aa1c-4660-81ec-480934bf139b",
    "data": [
      {
        "text": "cant repeat",
        "userDefined": false
      }
    ],
    "isTemplate": false,
    "count": 0,
    "lang": "en",
    "updated": 0
  }
]